{"schemaVersion":"1.0","appDefinitionTemplate":{"id":"/providers/Microsoft.PowerApps/apps/","type":"Microsoft.PowerApps/apps","tags":{"primaryDeviceWidth":"1366","primaryDeviceHeight":"768","sienaVersion":"20211030T110951Z-3.21103.27.0","deviceCapabilities":"","supportsPortrait":"true","supportsLandscape":"true","primaryFormFactor":"Tablet","publisherVersion":"3.21103.27","minimumRequiredApiVersion":"2.2.0","hasComponent":"false","hasUnlockedComponent":"false","isUnifiedRootApp":"false"},"properties":{"appVersion":"2021-10-30T11:09:51Z","lifeCycleId":"Published","createdByClientVersion":{"major":3,"minor":21103,"build":27,"revision":0,"majorRevision":0,"minorRevision":0},"minClientVersion":{"major":3,"minor":21103,"build":27,"revision":0,"majorRevision":0,"minorRevision":0},"backgroundColor":"rgba(187, 221, 140, 1)","backgroundImageUri":"/11555931780509087536/Nd4c31571-73ca-41ba-8595-a74c608ac28c-logoSmallFile","displayName":"Covid-19 Quick Diagnosis and Tracker","description":"an apps that gives you a dashboard with overall view of the covid-19 situation and also  add patient details","commitMessage":"Working Profile Views","appUris":{"documentUri":{"value":"/11555931780509087536/N95292b31-39e7-41c7-99f7-0ca10a8d7536-document.msapp"},"imageUris":[]},"createdTime":"0001-01-01T00:00:00Z","lastModifiedTime":"0001-01-01T00:00:00Z","sharedGroupsCount":0,"sharedUsersCount":0,"icons":{"smallIconUri":"/11555931780509087536/N673ef033-eaed-40b5-90fb-0a85507e998c-small.png","mediumIconUri":"/11555931780509087536/Nf3ca4938-4ed7-4a3f-8c12-b67f0f2db092-medium.png","largeIconUri":"/11555931780509087536/N31156a30-2be9-494f-be72-212c4ea8de34-large.png","wideIconUri":"/11555931780509087536/Ne63af791-67a8-4ccc-b8a5-b7992a557a78-wide.png"},"connectionReferences":{"9c793f5e-b53e-4916-bc65-d1878d16663e":{"id":"5c18e4e2-7765-4e9d-9d17-0fa1e43fa8cb","displayName":"Office 365 Users","iconUri":"https://connectoricons-prod.azureedge.net/releases/v1.0.1528/1.0.1528.2589/office365users/icon.png","dataSources":["Office365Users"],"dependencies":[],"dependents":[],"parameterHints":{},"parameterHintsV2":{},"isOnPremiseConnection":false,"bypassConsent":false,"dataSets":{},"apiTier":"Standard","isCustomApiConnection":false,"actions":["MyProfileV2"]},"c38ab859-871a-4d00-874c-40159b6168cf":{"id":"3e682c5b-f62f-4f24-8be0-6aa7bae74eb6","displayName":"Logic flows","iconUri":"https://connectoricons-prod.azureedge.net/releases/v1.0.1438/1.0.1438.2324/logicflows/icon.png","dataSources":["SavePatientDetails"],"dependencies":["c50731ff-47df-4a9f-a50c-645a4ce68c20","687fff18-7c33-4af8-aa0d-94a411f307df"],"dependents":[],"parameterHints":{"workflowName":{"value":"348634e5-6cc3-430f-955d-b22e72b6a737"},"workflowEntityId":{},"c50731ff-47df-4a9f-a50c-645a4ce68c20":{"value":"shared_documentdb"},"687fff18-7c33-4af8-aa0d-94a411f307df":{"value":"shared_servicebus"}},"parameterHintsV2":{"workflowName":{"value":"348634e5-6cc3-430f-955d-b22e72b6a737"},"workflowEntityId":{},"shared_documentdb":{"value":"c50731ff-47df-4a9f-a50c-645a4ce68c20"},"shared_servicebus":{"value":"687fff18-7c33-4af8-aa0d-94a411f307df"}},"isOnPremiseConnection":false,"bypassConsent":false,"dataSets":{},"apiTier":"Standard","isCustomApiConnection":false,"actions":["Run"]},"c50731ff-47df-4a9f-a50c-645a4ce68c20":{"id":"43a2200b-e740-4d09-b3cd-1111a3baee13","displayName":"Azure Cosmos DB","iconUri":"https://connectoricons-prod.azureedge.net/releases/v1.0.1530/1.0.1530.2592/documentdb/icon.png","dataSources":[],"dependencies":[],"dependents":["c38ab859-871a-4d00-874c-40159b6168cf","6799f46a-1a83-424d-aedf-73d875e5711c"],"parameterHints":{},"parameterHintsV2":{},"isOnPremiseConnection":false,"sharedConnectionId":"2656a4fc-5728-4f42-95a3-7677a68e37e4","bypassConsent":false,"dataSets":{},"apiTier":"Premium","isCustomApiConnection":false,"authenticationType":"keyBasedAuth"},"687fff18-7c33-4af8-aa0d-94a411f307df":{"id":"1530e66c-37fc-4bc6-b3be-198ac5a8f2f7","displayName":"Service Bus","iconUri":"https://connectoricons-prod.azureedge.net/releases/v1.0.1518/1.0.1518.2564/servicebus/icon.png","dataSources":[],"dependencies":[],"dependents":["c38ab859-871a-4d00-874c-40159b6168cf"],"parameterHints":{},"parameterHintsV2":{},"isOnPremiseConnection":false,"bypassConsent":false,"dataSets":{},"apiTier":"Premium","isCustomApiConnection":false},"6799f46a-1a83-424d-aedf-73d875e5711c":{"id":"3e682c5b-f62f-4f24-8be0-6aa7bae74eb6","displayName":"Logic flows","iconUri":"https://connectoricons-prod.azureedge.net/releases/v1.0.1438/1.0.1438.2324/logicflows/icon.png","dataSources":["GetPatientDetails"],"dependencies":["c50731ff-47df-4a9f-a50c-645a4ce68c20"],"dependents":[],"parameterHints":{"workflowName":{"value":"bfd55e01-de0f-4b36-a14e-7f39f97be4d9"},"workflowEntityId":{},"c50731ff-47df-4a9f-a50c-645a4ce68c20":{"value":"shared_documentdb"}},"parameterHintsV2":{"workflowName":{"value":"bfd55e01-de0f-4b36-a14e-7f39f97be4d9"},"workflowEntityId":{},"shared_documentdb":{"value":"c50731ff-47df-4a9f-a50c-645a4ce68c20"}},"isOnPremiseConnection":false,"bypassConsent":false,"dataSets":{},"apiTier":"Standard","isCustomApiConnection":false,"actions":["Run"]}},"databaseReferences":{},"almMode":"Environment","performanceOptimizationEnabled":true,"canConsumeAppPass":true,"executionRestrictions":{"isTeamsOnly":false,"dataLossPreventionEvaluationResult":{"status":"Compliant","lastEvaluationDate":"2021-10-16T16:22:36.0835388Z","violations":[],"violationsByPolicy":[],"violationErrorMessage":"The app uses the following connectors: shared_commondataservice."}}},"appType":"ClassicCanvasApp","appComponents":[]}}