{"name":"88b26eb4-3723-4632-83b2-bca34bca6da1","id":"/providers/Microsoft.Flow/flows/88b26eb4-3723-4632-83b2-bca34bca6da1","type":"Microsoft.Flow/flows","properties":{"apiId":"/providers/Microsoft.PowerApps/apis/shared_logicflows","displayName":"SavePatientDetails","definition":{"metadata":{"workflowEntityId":null,"processAdvisorMetadata":null,"flowclientsuspensionreason":"None","flowclientsuspensiontime":null,"creator":{"id":"f2bc444c-0bc5-42ed-9881-e3a1e68baba6","type":"User","tenantId":"de08c407-19b9-427d-9fe8-edf254300ca7"},"provisioningMethod":"FromDefinition","failureAlertSubscription":true,"clientLastModifiedTime":"2021-10-17T07:07:31.2691762Z"},"$schema":"https://schema.management.azure.com/providers/Microsoft.Logic/schemas/2016-06-01/workflowdefinition.json#","contentVersion":"1.0.0.0","parameters":{"$connections":{"defaultValue":{},"type":"Object"},"$authentication":{"defaultValue":{},"type":"SecureObject"}},"triggers":{"manual":{"type":"Request","kind":"PowerAppV2","inputs":{"schema":{"type":"object","properties":{"text":{"title":"patient_details","type":"string","x-ms-dynamically-added":true,"description":"Please enter your input","x-ms-content-hint":"TEXT"}},"required":["text"]}}}},"actions":{"Send_message":{"runAfter":{},"type":"OpenApiConnection","inputs":{"host":{"apiId":"/providers/Microsoft.PowerApps/apis/shared_servicebus","connectionName":"shared_servicebus","operationId":"SendMessage"},"parameters":{"entityName":"save_to_db_queue","message/ContentData":"@triggerBody()['text']","message/ContentType":"Plain/Text","message/Label":"save_to_cosmos_db","systemProperties":"None"},"authentication":{"value":"@json(decodeBase64(triggerOutputs().headers['X-MS-APIM-Tokens']))['$ConnectionKey']","type":"Raw"}}}}},"connectionReferences":{"shared_servicebus":{"connectionName":"69e885ef26ef4c029ffb3862a1cc5131","source":"Invoker","id":"/providers/Microsoft.PowerApps/apis/shared_servicebus","tier":"NotSpecified"}},"flowFailureAlertSubscribed":false}}