{"name":"82840659-526c-47ad-a951-9ede51d24ec2","id":"/providers/Microsoft.Flow/flows/82840659-526c-47ad-a951-9ede51d24ec2","type":"Microsoft.Flow/flows","properties":{"apiId":"/providers/Microsoft.PowerApps/apis/shared_logicflows","displayName":"GetPatientDetails","definition":{"metadata":{"workflowEntityId":null,"processAdvisorMetadata":null,"flowclientsuspensionreason":"None","flowclientsuspensiontime":null,"creator":{"id":"f2bc444c-0bc5-42ed-9881-e3a1e68baba6","type":"User","tenantId":"de08c407-19b9-427d-9fe8-edf254300ca7"},"provisioningMethod":"FromDefinition","failureAlertSubscription":true,"clientLastModifiedTime":"2021-10-30T09:33:44.5854068Z"},"$schema":"https://schema.management.azure.com/providers/Microsoft.Logic/schemas/2016-06-01/workflowdefinition.json#","contentVersion":"1.0.0.0","parameters":{"$connections":{"defaultValue":{},"type":"Object"},"$authentication":{"defaultValue":{},"type":"SecureObject"}},"triggers":{"manual":{"type":"Request","kind":"PowerApp","inputs":{"schema":{"type":"object","properties":{"Getalldocuments(V3)_MaxItemCount":{"type":"number","description":"An integer indicating the maximum number of items to be returned per page.","x-ms-powerflows-param-ispartial":false}},"required":["Getalldocuments(V3)_MaxItemCount"]}}}},"actions":{"Get_all_documents_(V3)":{"runAfter":{},"type":"OpenApiConnection","inputs":{"host":{"apiId":"/providers/Microsoft.PowerApps/apis/shared_documentdb","connectionName":"shared_documentdb","operationId":"GetDocuments_V3"},"parameters":{"cosmosDbAccountName":"AccountNameFromSettings","databaseId":"covid-19-quick-diagnosis","collectionId":"PatientTable","x-ms-max-item-count":"@triggerBody()['Getalldocuments(V3)_MaxItemCount']"},"authentication":{"value":"@json(decodeBase64(triggerOutputs().headers['X-MS-APIM-Tokens']))['$ConnectionKey']","type":"Raw"}}},"Response":{"runAfter":{"Get_all_documents_(V3)":["Succeeded"]},"type":"Response","kind":"Http","inputs":{"statusCode":200,"body":"@outputs('Get_all_documents_(V3)')?['body/Documents']","schema":{"type":"array","items":{"type":"object","properties":{"name":{"type":"string"},"age":{"type":"string"},"gender":{"type":"string"},"father_name":{"type":"string"},"contact_number":{"type":"string"},"state":{"type":"string"},"district":{"type":"string"},"pincode":{"type":"string"},"test_result":{"type":"string"},"is_vaccinated_status":{"type":"string"},"vaccine_name":{"type":"string"},"id":{"type":"string"}},"required":["name","age","gender","father_name","contact_number","state","district","pincode","test_result","is_vaccinated_status","vaccine_name","id"]}}}}}},"connectionReferences":{"shared_documentdb":{"connectionName":"b7d6c56cd01b4c6cb0dc9778cd449572","source":"Invoker","id":"/providers/Microsoft.PowerApps/apis/shared_documentdb","tier":"NotSpecified"}},"flowFailureAlertSubscribed":false}}